优惠券码,生效时间,失效时间
C6C43F145B128,a,a
CAFF684B6201E,b,b
CE0E69C1DCD94,c,c
CCB1BCC3BFDDA,d,d
CCB1BCC3BFDDA,d,d
CCB1BCC3BFDDA,d,d
CCB1BCC3BFDDA,d,d
CCB1BCC3BFDDA,d,d
CCB1BCC3BFDDA,d,d
CCB1BCC3BFDDA,d,d
C6C43F145B128,a,a
CAFF684B6201E,b,b
CE0E69C1DCD94,c,c
CCB1BCC3BFDDA,d,d
CCB1BCC3BFDDA,d,d
CCB1BCC3BFDDA,d,d
CCB1BCC3BFDDA,d,d
CCB1BCC3BFDDA,d,d
CCB1BCC3BFDDA,d,d
CCB1BCC3BFDDA,d,d
C6C43F145B128,a,a
CAFF684B6201E,b,b
CE0E69C1DCD94,c,c
CCB1BCC3BFDDA,d,d
CCB1BCC3BFDDA,d,d
CCB1BCC3BFDDA,d,d
CCB1BCC3BFDDA,d,d
CCB1BCC3BFDDA,d,d
CCB1BCC3BFDDA,d,d
CCB1BCC3BFDDA,d,d
C6C43F145B128,a,a
CAFF684B6201E,b,b
CE0E69C1DCD94,c,c
CCB1BCC3BFDDA,d,d
CCB1BCC3BFDDA,d,d
CCB1BCC3BFDDA,d,d
CCB1BCC3BFDDA,d,d
CCB1BCC3BFDDA,d,d
CCB1BCC3BFDDA,d,d
CCB1BCC3BFDDA,d,d
C6C43F145B128,a,a
CAFF684B6201E,b,b
CE0E69C1DCD94,c,c
CCB1BCC3BFDDA,d,d
CCB1BCC3BFDDA,d,d
CCB1BCC3BFDDA,d,d
CCB1BCC3BFDDA,d,d
CCB1BCC3BFDDA,d,d
CCB1BCC3BFDDA,d,d
CCB1BCC3BFDDA,d,d
C6C43F145B128,a,a
CAFF684B6201E,b,b
CE0E69C1DCD94,c,c
CCB1BCC3BFDDA,d,d
CCB1BCC3BFDDA,d,d
CCB1BCC3BFDDA,d,d
CCB1BCC3BFDDA,d,d
CCB1BCC3BFDDA,d,d
CCB1BCC3BFDDA,d,d
CCB1BCC3BFDDA,d,d
C6C43F145B128,a,a
CAFF684B6201E,b,b
CE0E69C1DCD94,c,c
CCB1BCC3BFDDA,d,d
CCB1BCC3BFDDA,d,d
CCB1BCC3BFDDA,d,d
CCB1BCC3BFDDA,d,d
CCB1BCC3BFDDA,d,d
CCB1BCC3BFDDA,d,d
CCB1BCC3BFDDA,d,d
C6C43F145B128,a,a
CAFF684B6201E,b,b
CE0E69C1DCD94,c,c
CCB1BCC3BFDDA,d,d
CCB1BCC3BFDDA,d,d
CCB1BCC3BFDDA,d,d
CCB1BCC3BFDDA,d,d
CCB1BCC3BFDDA,d,d
CCB1BCC3BFDDA,d,d
CCB1BCC3BFDDA,d,d
C6C43F145B128,a,a
CAFF684B6201E,b,b
CE0E69C1DCD94,c,c
CCB1BCC3BFDDA,d,d
CCB1BCC3BFDDA,d,d
CCB1BCC3BFDDA,d,d
CCB1BCC3BFDDA,d,d
CCB1BCC3BFDDA,d,d
CCB1BCC3BFDDA,d,d
CCB1BCC3BFDDA,d,d
C6C43F145B128,a,a
CAFF684B6201E,b,b
CE0E69C1DCD94,c,c
CCB1BCC3BFDDA,d,d
CCB1BCC3BFDDA,d,d
CCB1BCC3BFDDA,d,d
CCB1BCC3BFDDA,d,d
CCB1BCC3BFDDA,d,d
CCB1BCC3BFDDA,d,d
CCB1BCC3BFDDA,d,d
C6C43F145B128,a,a
CAFF684B6201E,b,b
CE0E69C1DCD94,c,c
CCB1BCC3BFDDA,d,d
CCB1BCC3BFDDA,d,d
CCB1BCC3BFDDA,d,d
CCB1BCC3BFDDA,d,d
CCB1BCC3BFDDA,d,d
CCB1BCC3BFDDA,d,d
CCB1BCC3BFDDA,d,d
C6C43F145B128,a,a
CAFF684B6201E,b,b
CE0E69C1DCD94,c,c
CCB1BCC3BFDDA,d,d
CCB1BCC3BFDDA,d,d
CCB1BCC3BFDDA,d,d
CCB1BCC3BFDDA,d,d
CCB1BCC3BFDDA,d,d
CCB1BCC3BFDDA,d,d
CCB1BCC3BFDDA,d,d
C6C43F145B128,a,a
CAFF684B6201E,b,b
CE0E69C1DCD94,c,c
CCB1BCC3BFDDA,d,d
CCB1BCC3BFDDA,d,d
CCB1BCC3BFDDA,d,d
CCB1BCC3BFDDA,d,d
CCB1BCC3BFDDA,d,d
CCB1BCC3BFDDA,d,d
CCB1BCC3BFDDA,d,d
C6C43F145B128,a,a
CAFF684B6201E,b,b
CE0E69C1DCD94,c,c
CCB1BCC3BFDDA,d,d
CCB1BCC3BFDDA,d,d
CCB1BCC3BFDDA,d,d
CCB1BCC3BFDDA,d,d
CCB1BCC3BFDDA,d,d
CCB1BCC3BFDDA,d,d
CCB1BCC3BFDDA,d,d
C6C43F145B128,a,a
CAFF684B6201E,b,b
CE0E69C1DCD94,c,c
CCB1BCC3BFDDA,d,d
CCB1BCC3BFDDA,d,d
CCB1BCC3BFDDA,d,d
CCB1BCC3BFDDA,d,d
CCB1BCC3BFDDA,d,d
CCB1BCC3BFDDA,d,d
CCB1BCC3BFDDA,d,d
C6C43F145B128,a,a
CAFF684B6201E,b,b
CE0E69C1DCD94,c,c
CCB1BCC3BFDDA,d,d
CCB1BCC3BFDDA,d,d
CCB1BCC3BFDDA,d,d
CCB1BCC3BFDDA,d,d
CCB1BCC3BFDDA,d,d
CCB1BCC3BFDDA,d,d
CCB1BCC3BFDDA,d,d
C6C43F145B128,a,a
CAFF684B6201E,b,b
CE0E69C1DCD94,c,c
CCB1BCC3BFDDA,d,d
CCB1BCC3BFDDA,d,d
CCB1BCC3BFDDA,d,d
CCB1BCC3BFDDA,d,d
CCB1BCC3BFDDA,d,d
CCB1BCC3BFDDA,d,d
CCB1BCC3BFDDA,d,d
C6C43F145B128,a,a
CAFF684B6201E,b,b
CE0E69C1DCD94,c,c
CCB1BCC3BFDDA,d,d
CCB1BCC3BFDDA,d,d
CCB1BCC3BFDDA,d,d
CCB1BCC3BFDDA,d,d
CCB1BCC3BFDDA,d,d
CCB1BCC3BFDDA,d,d
CCB1BCC3BFDDA,d,d
C6C43F145B128,a,a
CAFF684B6201E,b,b
CE0E69C1DCD94,c,c
CCB1BCC3BFDDA,d,d
CCB1BCC3BFDDA,d,d
CCB1BCC3BFDDA,d,d
CCB1BCC3BFDDA,d,d
CCB1BCC3BFDDA,d,d
CCB1BCC3BFDDA,d,d
CCB1BCC3BFDDA,d,d
C6C43F145B128,a,a
CAFF684B6201E,b,b
CE0E69C1DCD94,c,c
CCB1BCC3BFDDA,d,d
CCB1BCC3BFDDA,d,d
CCB1BCC3BFDDA,d,d
CCB1BCC3BFDDA,d,d
CCB1BCC3BFDDA,d,d
CCB1BCC3BFDDA,d,d
CCB1BCC3BFDDA,d,d
C6C43F145B128,a,a
CAFF684B6201E,b,b
CE0E69C1DCD94,c,c
CCB1BCC3BFDDA,d,d
CCB1BCC3BFDDA,d,d
CCB1BCC3BFDDA,d,d
CCB1BCC3BFDDA,d,d
CCB1BCC3BFDDA,d,d
CCB1BCC3BFDDA,d,d
CCB1BCC3BFDDA,d,d
C6C43F145B128,a,a
CAFF684B6201E,b,b
CE0E69C1DCD94,c,c
CCB1BCC3BFDDA,d,d
CCB1BCC3BFDDA,d,d
CCB1BCC3BFDDA,d,d
CCB1BCC3BFDDA,d,d
CCB1BCC3BFDDA,d,d
CCB1BCC3BFDDA,d,d
CCB1BCC3BFDDA,d,d
C6C43F145B128,a,a
CAFF684B6201E,b,b
CE0E69C1DCD94,c,c
CCB1BCC3BFDDA,d,d
CCB1BCC3BFDDA,d,d
CCB1BCC3BFDDA,d,d
CCB1BCC3BFDDA,d,d
CCB1BCC3BFDDA,d,d
CCB1BCC3BFDDA,d,d
CCB1BCC3BFDDA,d,d
C6C43F145B128,a,a
CAFF684B6201E,b,b
CE0E69C1DCD94,c,c
CCB1BCC3BFDDA,d,d
CCB1BCC3BFDDA,d,d
CCB1BCC3BFDDA,d,d
CCB1BCC3BFDDA,d,d
CCB1BCC3BFDDA,d,d
CCB1BCC3BFDDA,d,d
CCB1BCC3BFDDA,d,d
C6C43F145B128,a,a
CAFF684B6201E,b,b
CE0E69C1DCD94,c,c
CCB1BCC3BFDDA,d,d
CCB1BCC3BFDDA,d,d
CCB1BCC3BFDDA,d,d
CCB1BCC3BFDDA,d,d
CCB1BCC3BFDDA,d,d
CCB1BCC3BFDDA,d,d
CCB1BCC3BFDDA,d,d
C6C43F145B128,a,a
CAFF684B6201E,b,b
CE0E69C1DCD94,c,c
CCB1BCC3BFDDA,d,d
CCB1BCC3BFDDA,d,d
CCB1BCC3BFDDA,d,d
CCB1BCC3BFDDA,d,d
CCB1BCC3BFDDA,d,d
CCB1BCC3BFDDA,d,d
CCB1BCC3BFDDA,d,d
C6C43F145B128,a,a
CAFF684B6201E,b,b
CE0E69C1DCD94,c,c
CCB1BCC3BFDDA,d,d
CCB1BCC3BFDDA,d,d
CCB1BCC3BFDDA,d,d
CCB1BCC3BFDDA,d,d
CCB1BCC3BFDDA,d,d
CCB1BCC3BFDDA,d,d
CCB1BCC3BFDDA,d,d
C6C43F145B128,a,a
CAFF684B6201E,b,b
CE0E69C1DCD94,c,c
CCB1BCC3BFDDA,d,d
CCB1BCC3BFDDA,d,d
CCB1BCC3BFDDA,d,d
CCB1BCC3BFDDA,d,d
CCB1BCC3BFDDA,d,d
CCB1BCC3BFDDA,d,d
CCB1BCC3BFDDA,d,d
C6C43F145B128,a,a
CAFF684B6201E,b,b
CE0E69C1DCD94,c,c
CCB1BCC3BFDDA,d,d
CCB1BCC3BFDDA,d,d
CCB1BCC3BFDDA,d,d
CCB1BCC3BFDDA,d,d
CCB1BCC3BFDDA,d,d
CCB1BCC3BFDDA,d,d
CCB1BCC3BFDDA,d,d
C6C43F145B128,a,a
CAFF684B6201E,b,b
CE0E69C1DCD94,c,c
CCB1BCC3BFDDA,d,d
CCB1BCC3BFDDA,d,d
CCB1BCC3BFDDA,d,d
CCB1BCC3BFDDA,d,d
CCB1BCC3BFDDA,d,d
CCB1BCC3BFDDA,d,d
CCB1BCC3BFDDA,d,d
C6C43F145B128,a,a
CAFF684B6201E,b,b
CE0E69C1DCD94,c,c
CCB1BCC3BFDDA,d,d
CCB1BCC3BFDDA,d,d
CCB1BCC3BFDDA,d,d
CCB1BCC3BFDDA,d,d
CCB1BCC3BFDDA,d,d
CCB1BCC3BFDDA,d,d
CCB1BCC3BFDDA,d,d
C6C43F145B128,a,a
CAFF684B6201E,b,b
CE0E69C1DCD94,c,c
CCB1BCC3BFDDA,d,d
CCB1BCC3BFDDA,d,d
CCB1BCC3BFDDA,d,d
CCB1BCC3BFDDA,d,d
CCB1BCC3BFDDA,d,d
CCB1BCC3BFDDA,d,d
CCB1BCC3BFDDA,d,d